Code,Name,Decription,Image
100303,Product1,best product for hairfall,114259.jpg
100304,Product2,best for brain health,114260.jpg
100305,Product3,best product for hairfall,114261.jpg
100306,Product4,best for brain health,114262.jpg
100307,Product5,best product for hairfall,114263.jpg
100308,Product6,best for brain health,114264.jpg
100309,Product7,best product for hairfall,114265.jpg
100310,Product8,best for brain health,114266.jpg
100311,Product9,best product for hairfall,114267.jpg
100312,Product10,best for brain health,114268.jpg
